no,idsbr,nama_usaha,alamat,keberadaanusaha_gc,latitude,longitude,status,catatan
145,94431079,"PT Pegadaian <Persero>, UPC SEGEDONG",-,0,,,gagal,No results found
163,97240048,DEPOT AIR MINUM,GG KARTINI JL GST M TAUFIK,3,,,gagal,Dialog sukses tidak muncul
178,97239866,MMBC TRAVEL HASANUDIN,JL MANE PAK KASIH,0,,,gagal,Dialog sukses tidak muncul
179,97239877,SUZUKI MOTOR MEMPAWAH PD,JALAN GUSTI MUHAMMAD TAUFIK,3,,,gagal,Dialog sukses tidak muncul
180,97239859,PAUD MATAHARI <MIRA>,JL GUSTI M TAUFIK,3,,,error,"Page.wait_for_timeout: Target page, context or browser has been closed"
