no,idsbr,nama_usaha,alamat,keberadaanusaha_gc,latitude,longitude,status,catatan
1,143713,"INTI USAHA MAKMUR, PT",Jl. Daeng Manambon No. 51,0,,,skipped,Sudah GC
2,143884,"SARI UTAMA PILAR SEJATI, PT",Jl. Al Fallah III No. 4,0,,,skipped,Sudah GC
3,143935,"PRISITAKINDA, PT",Jl.Djohansyah Bakri,0,,,skipped,Sudah GC
4,143717,PUSPA BORNEO UTAMA PT,Jl. Daeng Menambon No. 68,3,,,skipped,Sudah GC
5,143718,RINTANG NUSATAMA CEMERLANG PT,Jl. Daeng Manambon No. 77,0,,,skipped,Sudah GC
6,143879,"JAYA TEKNIK LESTARI , PT",Jl. Gusti M. Taufik,0,,,skipped,Sudah GC
7,143628,"RAFI KARYA, PT",Jl.Pendidikan sui pinyuh,3,,,skipped,Sudah GC
8,97237926,CAHAYA TUNGGAL ABADI <PT>,JALAN RAYA JUNGKAT,3,,,skipped,Sudah GC
9,97238984,KOPERASI SUMBER SEJAHTERA,JALAN KARYA USAHA,3,,,skipped,Sudah GC
10,97239177,JUAL BELI MOBIL BEKAS <WAHID>,JALAN SWADAYA SUNGAI PURUN KECIL,3,,,skipped,Sudah GC
11,97239222,TOKO GRACE,PASAR BARU SUNGAI PINYUH,3,0.279837,109.073763,error,Run stopped by user.
