no,idsbr,nama_usaha,alamat,keberadaanusaha_gc,latitude,longitude,status,catatan
92,97238431,SUMBER HARAPAN INDAH PT,JL RAYA WAJOK HULU,3,,,berhasil,Submit sukses
98,97238548,MANDIRI TEGUH INTI SEJAHTERA PT,JLN RAYA WAJOK HULU KM 9.7 TELOK DALAM,3,,,berhasil,Submit sukses
124,97239676,WARUNG KOPI <BAHAR>,JL RAYA ANJUNGAN PASAR LINTANG,3,,,berhasil,Submit sukses
125,97239684,WARUNG KOPI <SISKA>,JL RAYA PASAR LINTANG ANJUNGAN,3,,,berhasil,Submit sukses
126,97238668,"WILMAR BIO ENERGY, PT",JALAN RAYA WAJOK HULU,3,,,berhasil,Submit sukses
129,97239750,PT.ASURANSI JIWASRAYA,JL.DAENG MENAMBON KEL TENGAH,3,,,berhasil,Submit sukses
130,97239792,KOPERASI SIMPAN PINJAM <MADUMA>,ANJUNGAN MELANCAR,3,,,berhasil,Submit sukses
131,97239785,TOKO SEMBAKO <MUNAWARAH>,JL RAYA ANJUNGAN,3,,,berhasil,Submit sukses
138,97239842,KSU KOZERA ROLARO,JL SELIUNG,0,,,berhasil,Submit sukses
139,97239882,PESANTREN NURUL HIDAYAH,JL ADIWIJAYA,3,,,berhasil,Submit sukses
143,94422526,BTN Kantor KAS SUNGAI KUNYIT,Jl. Raya Sungai Kunyit,0,,,gagal,Dialog sukses tidak muncul
144,94490105,"PT. Lautan Luas Tbk, Kantor Perwakilan Pontianak","Jalan Raya Wajok Hilir Km. 15,65 Siantan, Pontianak",0,,,berhasil,Submit sukses
145,94431079,"PT Pegadaian <Persero>, UPC SEGEDONG",-,0,,,gagal,No results found
146,94431071,"PT Pegadaian <Persero>, UPC KUALA SECAPAH",jlN. D. MENAMBON,3,,,berhasil,Submit sukses
147,94662389,"PT STRATEGIC PARTNER SOLUTION, Representative Offices Pontianak","Jalan Raya Wajok Hilir Km. 15,65 Siantan, Pontianak",0,,,berhasil,Submit sukses
148,97708379,PALOMA SHOPWAY,JL PANGSUMA,3,,,berhasil,Submit sukses
149,97708380,PEDAGANG IKAN <HAMDAN>,JALAN RAYA SUNGAI DUNGUN,3,,,berhasil,Submit sukses
150,97708401,MINI MARKET <ALTIA MART>,J L DAENG MENAMBON,3,,,berhasil,Submit sukses
151,97708457,SHOUW ROOM MOBIL <GUNTUR>,JALAN RAYA ANJUNGAN,0,,,berhasil,Submit sukses
152,97708494,PEDAGANG KELILING <PARNO>,KOMPLEK BTN SELIUNG,0,,,berhasil,Submit sukses
153,97708503,JUAL BELI KELAPA <SKANDIVA PRIHARJA>,JL RAYA SEMUDUN,0,,,berhasil,Submit sukses
154,97708636,ANGKUTAN <H TOHIR>,JL RAYA PENIRAMAN,3,,,berhasil,Submit sukses
155,97708706,ANGKUTAN <ZUL FAKAR>,DUSUN DANAU GAMBIR,3,,,berhasil,Submit sukses
156,97708727,JUAL BELI BUAH,DESA SUNGAI BUNDUNG LAUT DUSUN SUKATANI,3,,,berhasil,Submit sukses
157,97708754,MATAHARI TERBIT <AHIAN>,JL DAENG MANAMBON,0,,,berhasil,Submit sukses
158,97708752,USAHA IKAN <ISMAIL SOOD>,JL.RAYA SEMUDUN,3,,,berhasil,Submit sukses
159,97708758,TOKO SEMBAKO <SITAR>,DESA SUNGAI BUNDUNG LAUT DUSUN SUKATANI,3,,,berhasil,Submit sukses
160,97708315,PENGUSAHA TELOR,GG KOM PALM 2,3,,,berhasil,Submit sukses
161,97763664,"PONTIANAK BREDER FARM, PT","NEGARA KM 71, JL; DSN PINYUH KERSIK RT 06/03",0,,,berhasil,Submit sukses
162,97238158,WARUNG MAKAN <TOM YAM>,JALAN RAYA JUNGKAT,3,,,berhasil,Submit sukses
163,97240048,DEPOT AIR MINUM,GG KARTINI JL GST M TAUFIK,3,,,gagal,Dialog sukses tidak muncul
164,97240065,PENGOBATAN KESEHATAN <RITA NOVITA>,JALAN MANE PAK KASIH,3,,,berhasil,Submit sukses
165,97239952,TOKO ROKOK <H BOY>,JALAN GUSTI MUHAMMAD TAUFIK,3,,,berhasil,Submit sukses
166,97241191,USAHA WARNET<MUCHLIS>,JALAN RADEN SUJARWO,3,,,berhasil,Submit sukses
167,97239404,WISATA ELEKTRONIK,JALAN JURUSAN SELIUNG,3,0.278522,109.074883,berhasil,Submit sukses
168,97241189,USAHA FOTOCOPY<DINA FATHIA>,JALAN GUSTI ABDULHAMID,3,,,berhasil,Submit sukses
169,97241314,RENTAL PS <ANGGA >,JALAN GUSTI ABDUL HAMID,3,,,berhasil,Submit sukses
170,97241309,DEPOT AIR MINUM <ALVIANSYAH>,JALAN GUSTI ABDUL HAMID,3,,,berhasil,Submit sukses
171,97239499,JUAL ES TEBU <LASIMAN>,JL DG MANAMBON,3,,,berhasil,Submit sukses
172,97239590,TOKO CAHAYA PUTRA,PASAR BARU SUNGAI PINYUH,3,0.2796,109.074814,berhasil,Submit sukses
173,97239595,TOKO PRINCES,JL JURUSAN SELIUNG,3,,,berhasil,Submit sukses
174,97239577,TOKO ABC,PASAR BARU SUNGAI PINYUH,3,0.27981,109.074302,berhasil,Submit sukses
175,97241190,KSP KOPSTA BPS KAB MEMPAWAH,JALAN RADEN KUSNO,3,0.363327,108.956959,berhasil,Submit sukses
176,97239755,SEWA TEMPAT BILLIARD RAMLI,JLN ABU BAKAR,3,,,berhasil,Submit sukses
177,97239758,MEBEL <MORDIANSYAH>,JLN M TAHA,3,,,berhasil,Submit sukses
178,97239866,MMBC TRAVEL HASANUDIN,JL MANE PAK KASIH,0,,,gagal,Dialog sukses tidak muncul
