no,idsbr,nama_usaha,alamat,keberadaanusaha_gc,latitude,longitude,status,catatan
11,97239222,TOKO GRACE,PASAR BARU SUNGAI PINYUH,3,0.279837,109.073763,skipped,Sudah GC
12,97239264,PANCUR KASIH. CU,JALAN RAYA JURUSAN PONTIANAK SUNGAI PINYUH,0,,,gagal,Dialog sukses tidak muncul
13,97239274,"BANK PANIN ,PT",JALAN SIMPANG PAK KALUK,3,,,skipped,Sudah GC
14,97239269,JUANDA CV,JALAN RAYA JURUSAN PONTIANAK SUNGAI PINYUH,3,,,skipped,Sudah GC
15,97239284,ENDURO SPBU,SUNGAI PINYUH JLN JURUSAN PONTIANAK,3,,,skipped,Sudah GC
16,97239283,MINI MARKET SPBU,SUNGAI PINYUH JLN JURUSAN PONTIANAK,3,,,skipped,Sudah GC
17,97240330,KIOS SAYUR <SATIMAN>,JL BAWAL,3,,,skipped,Sudah GC
18,97240339,KIOS SAYUR <HASAN>,JL BAWAL,3,,,skipped,Sudah GC
19,97240321,PENJUAL DAGING BABI <SUMRIYEH>,JL BAWAL,3,,,skipped,Sudah GC
20,97240324,PENJUAL AYAM <LIMAN>,JL BAWAL,3,,,skipped,Sudah GC
21,97240352,TOKO AKSESORIS <LUSTIANA>,JL BAWAL,3,,,skipped,Sudah GC
22,97240353,TOKO PAKAIAN <KARLINA>,JL BAWAL,3,,,skipped,Sudah GC
23,97240354,TOKO GORDEN <FARIDA>,JL BAWAL,3,,,skipped,Sudah GC
24,97240355,TOKO PAKAIAN <SURYANA>,JL BAWAL,3,,,skipped,Sudah GC
25,97240371,TOKO KLONTONGAN <EDI>,JL. GUSTI M. TAUFIK,3,,,skipped,Sudah GC
26,97240370,WARKOP BACHTIAR BOOM,JL. GUSTI M. TAUFIK,3,,,skipped,Sudah GC
27,97240415,PAYMENT POINT,SUNGAI BAKAU KECIL,0,,,skipped,Sudah GC
28,97240429,RESTORAN KELAPA BEACH,JL DUSUN TARUNA DESA SUNGAI DURI II,3,,,skipped,Sudah GC
29,97240444,TOKO AKSESORIS <RIA>,JL BAWAL,3,,,skipped,Sudah GC
30,97240445,TOKO SEMBAKO <FARIDA>,JL BAWAL,3,,,skipped,Sudah GC
31,97240440,KIOS SAYUR <ZAWI>,JL BAWAL,3,,,skipped,Sudah GC
32,97240449,KEDAI MAKANAN <ZAINAB>,JL BAWAL,3,,,skipped,Sudah GC
33,97240452,TOKO KELONTONG <SYAHRONI>,JL BAWAL,3,,,skipped,Sudah GC
34,97240453,TOKO BUAH <MATAMIN>,JL BAWAL,3,,,skipped,Sudah GC
35,97240462,KEDAI MINUMAN <ROSNAH>,JL BAWAL,3,,,error,Run stopped by user.
