no,idsbr,nama_usaha,alamat,keberadaanusaha_gc,latitude,longitude,status,catatan
145,94431079,"PT Pegadaian <Persero>, UPC SEGEDONG",-,0,,,gagal,No results found
163,97240048,DEPOT AIR MINUM,GG KARTINI JL GST M TAUFIK,3,,,berhasil,Submit sukses
178,97239866,MMBC TRAVEL HASANUDIN,JL MANE PAK KASIH,0,,,berhasil,Submit sukses
179,97239877,SUZUKI MOTOR MEMPAWAH PD,JALAN GUSTI MUHAMMAD TAUFIK,3,,,berhasil,Submit sukses
180,97239859,PAUD MATAHARI <MIRA>,JL GUSTI M TAUFIK,3,,,berhasil,Submit sukses
181,97239754,BANTAN BESI <HADI>,JLN ABU BAKAR,3,,,berhasil,Submit sukses
182,97239858,WARNET <DAVID>,JL GUSTI M TAUFIK,3,,,berhasil,Submit sukses
183,97241085,BIDAN PRAKTEK BERSALIN <MUTI>,JALAN CEMPAKA,3,,,berhasil,Submit sukses
184,97241065,GEDUNG KARTINI,JL RDN KUSNO,3,,,berhasil,Submit sukses
185,97240575,TOKO PENJUALAN BAJU ANAK-ANAK <UCI>,JALAN BAWAL,3,,,berhasil,Submit sukses
186,97240647,DEALER MOTORYAMAHA,JALAN RAYA SUNGAI KUNYIT,3,,,berhasil,Submit sukses
187,97240943,RUMAH MAKAN RFC,JL MELATI,3,,,berhasil,Submit sukses
188,97240579,MESS DPRD,JL. GUSTI MUHAMMAD TAUFIK,3,,,berhasil,Submit sukses
189,97766663,"BRENT MULTI JAYA, PT",KEBUN DIMEMPAWAH HILIR DAN SUNGAI PINYUH,0,,,berhasil,Submit sukses
190,2472586,SUKSES ABADI KIJING,JL. RAYA SUNGAI KUNYIT,3,,,berhasil,Submit sukses
191,2478211,LIONG PUTRA JAYA,JL RAYA SUNGAI PINYUH,3,,,berhasil,Submit sukses
224,4524032,DPC LEMBAGA ANTI NARKOTIKA KAB MEMPAWAH,JL DAENG MANAMBON,3,,,berhasil,Submit sukses
225,4594680,ADHI KARYA,RAYA SUNGAI BATANG,0,,,berhasil,Submit sukses
226,98076733,"BEJO, PO",JL SUNGAI PANDAN RT 008/001 DESA WAJOK HULU,0,,,berhasil,Submit sukses
227,98076737,POKTAN LEMBAH HIJAU I,DESA PARIT BANJAR,0,,,berhasil,Submit sukses
228,98076738,POKTAN MARHABAN II,DESA ANTIBAR,0,,,berhasil,Submit sukses
229,98076740,POKTAN SINAR SEMAYAR,SUNGAI KUNYIT HULU,0,,,gagal,Dialog sukses tidak muncul
230,4892849,PENGGILINGAN PADI <HERMANSYAH>,JALAN ANJUNGAN DEPAN ASRAMA ZIPUR,3,,,berhasil,Submit sukses
231,4892852,JASA LAS <HARTANTO>,ANJUNGAN MELANCAR,0,,,berhasil,Submit sukses
232,4892874,LAS <MUKLIS>,JL DAENG MANAMBON,3,,,berhasil,Submit sukses
233,4892876,DEPOT AIR MINUM HABIB,JLN ANEKA,3,,,berhasil,Submit sukses
234,4892880,JAMU TRADISIONAL <MARYAM>,JLN ABU BAKAR KOMPLEK ABRASI,3,,,berhasil,Submit sukses
235,4892882,MESIN KELAPA <GO TIAN TJE>,JALAN A DJAELANI,3,,,berhasil,Submit sukses
236,4892946,CETAK BATAKO<KAWI>,JALAN SWADAYA,3,,,gagal,Dialog sukses tidak muncul
237,4943530,YURNIARTI PPOB,JL DAENG MENAMBON,0,,,berhasil,Submit sukses
238,5353228,"JUAL BELI MOBIL TRUK ""SEMOGA JAYA MOTOR""",JL. RAYA SUNGAI BATANG,3,,,berhasil,Submit sukses
239,5354369,BUTIK HAYALA,JALAN A DJELANI,3,,,berhasil,Submit sukses
240,5354377,TOKO KASET CD / DVD <IWAN>,JALAN GUSTI MUHAMMAD TAUFIK,3,,,berhasil,Submit sukses
241,5354381,JUALAN HELM <NIKEN>,JALAN GUSTI MUHAMMAD TAUFIK,3,,,berhasil,Submit sukses
242,5354449,TOKO BAJU <SAREP>,JALAN SAMBORA,3,,,berhasil,Submit sukses
243,5354450,TOKO SEMBAKO <PINUS>,JALAN SAMBORA,3,,,berhasil,Submit sukses
244,5354461,BENGKEL MOTOR ANUGRAH,DUSUN TOHO ILIR,3,,,berhasil,Submit sukses
245,5503718,ANGKUTAN OPLET <UDIN>,JL KAMPUNG PASIR,3,,,berhasil,Submit sukses
246,5503720,TUKANG BECAK <RAHMAN>,JL GST IBRAHIM SYAFIRUDDIN,0,,,berhasil,Submit sukses
247,5705631,MARTABAK TELUR K5 <MURI>,JALAN ARIFIN THARIF,3,,,berhasil,Submit sukses
248,5705666,WARUNG MAKAN <EMA>,JALAN MANUNGGAL XIII,3,,,berhasil,Submit sukses
249,5773902,WARUNG INTERNET <ALEX>,PERUMAHAN NUSA PERMAI,3,,,berhasil,Submit sukses
250,5849884,JUAL BAJU DAN SEWA BAJU <UTIN>,JL DG. MANAMBON GG. M. TAHIR,3,,,berhasil,Submit sukses
251,5874914,PIJET KELILING <IDRIS>,JLN ABU BAKAR,0,,,berhasil,Submit sukses
252,5889110,RENTAL PS <RIZAL>,JLN GST SALEHUDIN GG KARTINI,3,,,berhasil,Submit sukses
253,5955985,SALON KECANTIKAN <SULIA>,JALAN RAYA JUNGKAT,3,,,gagal,Dialog sukses tidak muncul
254,5957219,SERVIS TV <TAMSER>,JALAN YUSUF AMIN SUNGAI DURI 1,3,,,gagal,Dialog sukses tidak muncul
255,5957355,PANGKAS RAMBUT <MOKO>,JL GST HAIDIR,3,,,gagal,Dialog sukses tidak muncul
256,5965655,"SINAR AMBAWANG, PT",JL. TANJUNG PURA NO. 385,0,,,gagal,Dialog sukses tidak muncul
257,5976002,"BINA ARDI LESTARI, PT","JL. RAYA DEMA, ANJONGAN",3,,,gagal,Dialog sukses tidak muncul
258,5976910,"RIZKI ANUGRAH, CV.","JL. ASOKA, SUNGAI PINYUH",0,,,gagal,Dialog sukses tidak muncul
