no,idsbr,nama_usaha,alamat,keberadaanusaha_gc,latitude,longitude,status,catatan
259,6053950,Salon Rahman,Jl. Raya Nusapati,0,,,gagal,Dialog sukses tidak muncul
260,6054078,Cinta Mangrove Park,Jl. Sungai Bakau Besar Laut,0,,,gagal,Dialog sukses tidak muncul
261,6054147,"Praktek Bidan Mandiri ""Sri""",Jl. Raya Nusapati,0,,,berhasil,Submit sukses
262,6054508,"Konsultan ""Eliana""","Jl. Gusti Sulung Lelanang, Mempawah",0,,,gagal,Dialog sukses tidak muncul
263,6055184,Patria Jaya,"Gg. Swaday 1, Nusapati",0,,,berhasil,Submit sukses
264,6070032,PRIMER KOPERASI KARTIKA,JL. RADEN KURNO NO 04 RT 04 RW 14,0,,,berhasil,Submit sukses
265,6078543,"TOTAL OPTIMA PRAKARSA, PT",JL. H. NAWAWI PENIRAMAN,0,,,berhasil,Submit sukses
266,6078576,"HASIL MANDIRI UTAMA, CV",JL. H. MA'RUF PENIRAMAN,0,,,berhasil,Submit sukses
267,6078583,"SINAR KHATULISTIWA, CV",JL. PENITI LUAR RT03/RW05,0,,,berhasil,Submit sukses
268,6078594,KM. SEJAHTERA,JL. RAYA SUNGAI BAKAU BESAR LAUT,0,,,berhasil,Submit sukses
269,6078597,INDUSTRI TAHU TEMPE SUBANDI,JL. BEMBAN DESA SEJEGI MEMPAWAH TIMUR,0,,,berhasil,Submit sukses
270,6078598,GALIFA MEUBEL,JL. BEMBAN DESA SEJEGI MEMPAWAH TIMUR,0,,,berhasil,Submit sukses
271,6078600,"SUKSES JAYA MANDIRI, CV",JL. ADIWIJAYA DESA ANTIBAR,0,,,berhasil,Submit sukses
272,6086370,PEJABAT PEMBUAT AKTA TANAH NIUR FITRIAWATI SHMKN,JL.DAENG MANAMBON,0,,,berhasil,Submit sukses
279,6379478,"MUDA KARYA MANDIRI, CV",-,3,,,gagal,No results found
280,6379502,"BAKAU BESAR JAYA, CV",-,3,,,gagal,No results found
281,6379511,"TRI YALA PERKASA, CV",-,0,,,gagal,No results found
282,6379513,"MAJU BERSAMA, CV",-,3,,,gagal,No results found
284,6379744,"BUNTAT SADANIANG, CV",-,0,,,gagal,No results found
285,6379801,"ESA MANDIRI, CV",-,0,0.330982,108.9,gagal,No results found
286,6379847,"KEMILAU INTAN BERLIAN, PT",-,3,,,gagal,No results found
307,6859207,PP. BUMDESMA ANUGERAH SADANIANG,DSN. MURUB RT 06 RW 02,3,0.511691,109.1569,gagal,Anomali dialog geotag
313,7484428,MAKSIMA PERKASA ENERGI,Sungai Dungun,0,,,berhasil,Submit sukses
314,7484869,SAGATANI MINERAL PERKASA,"Jl. Raya Wajok Hilir KM.13,2",0,,,berhasil,Submit sukses
315,7484896,GENESYS INDUSTRI KHATULISTIWA,"Raya Wajok Hilir K.M 14,5",3,,,berhasil,Submit sukses
316,7485734,ARONY DUTA INDOTAMA,"Dusun Sungai Dayak, Desa Peniraman, Kec. Sungai Pinyuh, Kab. Mempawah",0,,,berhasil,Submit sukses
317,7489463,BAYU KARSA UTAMA,Jl. Baguruh Anjongan,0,,,berhasil,Submit sukses
323,12296209,THRIFT <DILLI LUKMAN HAKIM> <DILLI LUKMAN HAKIM>,JL. A DJELANI GG A KARIM,3,0.356186,108.9533,berhasil,Submit sukses
324,12302363,Rental Mobil<URAY RUDY> <URAY RUDY>,Jl Habib Husin,3,0.375201,108.9674,gagal,Anomali dialog geotag
325,12305767,Menjual layang-layang<Khairul> <KHAIRUL >,Jl RADEN ADINATA,0,0.378128,108.971,berhasil,Submit sukses
326,12320484,DAPUR BUNDA <SITI HANN MIZAWAH>,Jl.Melancar Rt.011 Rw.004,3,0.359768,109.1676,berhasil,Submit sukses
327,12357444,KIOS PULSA <YOPITA> <YOPITA>,JALAN RAYA PAK BULU RT 009 RW 003 DUSUN PINYUH KERSIK,3,0.337385,109.2153,berhasil,Submit sukses
328,12407586,Toko sembako <fajarwati> <Fajarwati>,Jl raya sengkubang rt 04 rw 02,3,0.431462,108.946,gagal,Anomali dialog geotag
329,12433808,JUAL GAS <WIDIANA >,Gg SATALI RT 008 RW 02 DUSUN PAK BULU,3,0.330604,109.2233,berhasil,Submit sukses
330,12476075,Warung makan melayu <H syeh m noh>,Jl arifin tarif,3,0.359898,108.9602,berhasil,Submit sukses
332,12511461,KOPERASI GURU SDN 23 MEMPAWAH HILIR <FUTRI WULANDARI>,SDN 23 MEMPAWAH HILIR,3,0.351668,108.9614,berhasil,Submit sukses
333,12526378,Es < kak dian > <Dian novianti pratiwi>,Jln sejati,3,0.327281,108.9654,gagal,Anomali dialog geotag
334,12557753,Pangkas Rambut Zainul <MUZEINI>,Jalan Parit Banjar Laut,3,0.305536,109.019,berhasil,Submit sukses
335,12564656,Pedagang aksesoris <hisbul> <Satria hisbulloh nasution>,Jalan sumber agung,3,0.36815,109.2649,berhasil,Submit sukses
336,12566352,CATERING MAK TON <SUHELMI>,RT 006 RW 03 DUSUN NELAYAN,3,0.495716,108.9102,berhasil,Submit sukses
337,12567788,"Borneo Mega Rezeki , Koperasi <Samsir>",Jl.A.Djelani,3,0.359828,108.9523,gagal,Anomali dialog geotag
338,12568026,Toko sembako <Budiati>,Adjelani,3,0.357839,108.9483,gagal,Anomali dialog geotag
339,12583884,Jualan Cemilan <Maya> <Maya Ratnasari>,Jalan Puring,3,0.361048,108.96,berhasil,Submit sukses
340,12595310,BENGKEL LAS < PENDUS > <PENDUS>,Desa Toho Ilir Rt006/Rw001,3,0.433037,109.2125,gagal,Anomali dialog geotag
341,12638946,Bengkel motor <fen> <Fen kie >,Adjelani,3,0.356077,108.9459,berhasil,Submit sukses
342,12664321,Jualan Sayur <rohide> <Rohide>,Jalan Parit Banjar,3,0.343446,109.0254,berhasil,Submit sukses
343,12664464,Warung minum<Afriani> <Afriani>,RT 010 RW 03 DUSUN BONSORAN,3,0.465317,109.1657,berhasil,Submit sukses
344,12689109,Jualan online makanan <Anitia ningsih>,Jln cap ayam,3,0.343434,109.2805,berhasil,Submit sukses
345,12704364,ES TEBU <SUTIRAH> <SUTIRAH>,SAMBORA,3,0.343783,109.2845,berhasil,Submit sukses
346,12716207,Bakso moroseneng <ADIM>,GANG 17,3,0.2811,109.0695,gagal,Anomali dialog geotag
347,12727792,Penjual makanan <Sartini> <Sartini>,Jln cap ayam,3,0.344104,109.2822,skipped,Sudah GC
348,12803863,WARUNG BAKSO <ITA MUSTAFA> <ITA MUSTAFA>,SAMBORA,3,0.344428,109.2831,berhasil,Submit sukses
349,12808969,Buah mang pur <Purwanto>,Jl sumber agung,3,0.35812,109.273,berhasil,Submit sukses
350,12810567,Toko gas HENDI <Hendrikus Hendi>,Jl. Sambora,3,0.350349,109.2785,berhasil,Submit sukses
351,12811833,TOKI SEMBAKO <SURATMAN> <SURATMAN>,JL RADEN KUSNO,3,0.370159,108.9507,berhasil,Submit sukses
352,12857894,PEMASANGAN LISTRIK <HAMKA> <HAMKA>,JL. PARIT TAYAN,3,0.11938,109.1964,skipped,Sudah GC
353,12861456,Percetakan Asyifa<HAIRI> <HERI>,Sungai kunyit laut RT 001 RW 01 dusun sabar,3,0.496218,108.916,berhasil,Submit sukses
354,12862830,MINUMAN DAN GORENGAN KAK NOR <NURMULIANI>,RT 003 RW 01 DUSUN PEMBANGUNAN,3,0.493487,108.9135,berhasil,Submit sukses
355,12869530,Membuat Kerupuk <Siti Hanifah> <SITI HANIFAH>,Jl bemban,0,0.37583,108.9674,gagal,Server Sibuk / No Response
356,12874452,Toko sembako <Rodi Hartono> <Rodi Hartono>,JL TEKAM,0,0.387765,109.0106,gagal,Server Sibuk / No Response
357,12876719,ECERAN GAS ELPIJI <DINA> <DINA FATHIA>,GG GRAVELLA,3,0.369944,108.951,berhasil,Submit sukses
358,12905962,BERAS<HERMAN> <HERMAN>,JLN SAMBORA,3,0.362589,109.275,berhasil,Submit sukses
359,12915955,"WARUNG KOPI, DAN MAKANAN RINGAN <MUSTIAWATI>",KILOMETER 72 RT 008 RW 002 DUSUN PAK BULU,3,0.334151,109.2205,berhasil,Submit sukses
360,12920047,WARUNG NASI UDUK <SUPI> <SUPI>,SAMBORA,3,0.347709,109.2804,berhasil,Submit sukses
361,12939193,Bengkel <Amin> <FAUSTINUS PHANG BUI MIN>,Dusun Toho Ilir Rt 002 Rw 003 Desa Toho Ilir,3,0.423921,109.2183,skipped,Sudah GC
362,12987937,ES KELAPA <ERWIN SUSANTO> <ERWIN SUSANTO>,RT 005 RW 02 DUSUN TANI,3,0.484075,108.9162,skipped,Sudah GC
363,12993063,Menjual gorengan keliling < RIZKI PRATAMA JUNIARTIKA >,Jl RADEN ADINATA,0,0.378712,108.9719,berhasil,Submit sukses
364,12999142,Gorengan <Eko Triadi> <Eko Triadi>,Jl. Djohansyah Bakri,3,0.36544,108.9983,berhasil,Submit sukses
365,13004930,Warung sembako<nahwiyeh> <Nahwiyeh>,Jalan parit banjar,3,0.33777,109.0409,gagal,Anomali dialog geotag
366,13021565,WARUNG SARAPAN <JURAINIW> <JURAINI>,RT 006 RW 01 DUSUN NELAYAN,3,0.495362,108.9108,berhasil,Submit sukses
367,13065734,SEMBAKO CU ITA <JULITA>,RT 006 RW 01 DUSUN NELAYAN,3,0.495425,108.9102,skipped,Sudah GC
368,13090669,Rempeyek bang mus <Muslim>,Jl sumber agung,3,0.359952,109.2711,berhasil,Submit sukses
369,13096663,Penjual gorengan <Sholehatun>,Jln swadaya,3,0.342987,109.2836,skipped,Sudah GC
370,13115966,PENGEPUL <DARMILA> <DARMILA>,RT 006 RW 01 DUSUN NELAYAN,3,0.495429,108.9102,berhasil,Submit sukses
371,13137962,Menjual Ikan keliling <MARIANI>,JL RADEN ADINATA,0,0.377763,108.9714,berhasil,Submit sukses
372,13141263,Buah painjin <Painjin>,Jl. Sumber agung,3,0.35763,109.2739,berhasil,Submit sukses
373,13170061,Toko Kak Dila <Mayurah>,Jalan Parit Banjar,3,0.342748,109.0445,gagal,Anomali dialog geotag
374,13171562,RM ANDALAS <YULITA>,JL GUSTI M TAUFIK,3,0.361214,108.9608,berhasil,Submit sukses
375,13179797,Kantin Kk Ita <Asmita >,Jl.A.Djelani,3,0.360278,108.9505,gagal,Anomali dialog geotag
376,13181239,DAGANG BUAH KELILING <DENI> <DENI ALBAR>,RT 001 RW 01 DUSUN MELATI,3,0.495883,108.9227,gagal,Anomali dialog geotag
377,13194780,Penjual mie sagu <nyatini> <Nyatini>,Jln swadaya,3,0.343261,109.2838,berhasil,Submit sukses
378,13232421,"LOKALE, CV <BUDI>",JALAN RAYA PASAR SEGEDONG RT 001 RW 001,0,0.160203,109.2005,berhasil,Submit sukses
379,13284021,IIR ALLSHOP <IIR HAIRUNISYAH>,SAMBORA,3,0.346154,109.2819,berhasil,Submit sukses
380,13298108,Bengkel <Budi putra perdana> <Budi putra perdana>,Jl. Daeng Manambon,3,0.346029,108.9632,berhasil,Submit sukses
381,13332128,ES TEBU <TAJUIN> <TAJUIN>,RT 001 RW 01 DUSUN MELATI,3,0.496264,108.9228,gagal,Anomali dialog geotag
382,13345463,Zeezaa Store <Ahmad Asdi>,Jalan Raden Kusno,3,0.361054,108.9581,berhasil,Submit sukses
383,13347189,SIOMAY <TONI> <TONI>,JL. CHANDRAMIDI,3,0.352097,108.96,berhasil,Submit sukses
384,13349474,Kedai minuman <Susila Wati>,"Desa Toho ilir, Rt003/Rw001",3,0.430646,109.2133,gagal,Anomali dialog geotag
385,13350713,Warung makan <lilid> <LIDYA PRONIKA>,RT 01 RW 01 TOHO ILIR,3,0.429298,109.2141,gagal,Anomali dialog geotag
386,13369418,ANEKA KUE KAMPUNG < SALMAH > <SYARIFAH SALMAH>,Jl . Pematang Sukun,3,0.353432,108.9442,gagal,Anomali dialog geotag
387,13369920,TOKO SEMBAKO <MUSTIKA> <MUSTIKA>,RT 001 RW 01 DUSUN MELATI,3,0.496253,108.9222,gagal,Anomali dialog geotag
388,13425124,Warung sembako < pak daiman > <Daiman dairan >,Jln sejati,3,0.327008,108.9651,berhasil,Submit sukses
389,13477547,MENJUAL GORENGAN<HENDRA> <HENDRA>,KELURAHAN TERUSAN,0,0.370083,108.9711,berhasil,Submit sukses
390,13532442,"Butik baju <Moehayan, SP> <Moehayan, SP>",Jl. Raden sujarwo,3,0.362705,108.9576,berhasil,Submit sukses
391,13534412,Pangkas rambut<ridwan> <Muhammad ridwan>,Jalan parit banjar,3,0.335036,109.0389,berhasil,Submit sukses
392,13572835,JUALAN KUEH <SITI MARIATI> <SITI MARIATI>,SAMBORA,3,0.346965,109.2816,berhasil,Submit sukses
393,13585393,Bengkel motor RIFAI <M. Mukala rifain>,Jl. Sambora,3,0.356928,109.275,berhasil,Submit sukses
394,13596190,Menjual Es Batu <Eka Julianti> <Eka Julianti >,Jl RADEN ADINATA,0,0.376438,108.9686,berhasil,Submit sukses
395,13604123,Warung sembako<Novi> <Sumiati>,Jalan parit banjar,3,0.333633,109.0376,berhasil,Submit sukses
396,13619450,JUAL PERABOTAN RUMAH <HALIMAH> <HALIMAH>,RT 009 RW 03 DUSUN TANI,3,0.484192,108.9152,berhasil,Submit sukses
397,13621405,ASAM PEDAS PAK AMAD <Rahmat muyawan>,JL. DAENG MANAMBON,3,0.331379,108.9661,berhasil,Submit sukses
398,13622799,KARYA MEUBEL,"Ambalau Luar, Rt.011 Rw.004",3,0.357912,109.1677,berhasil,Submit sukses
399,13623107,Warung sembako <Haderi>,Jalan parit banjar,3,0.32712,109.0327,berhasil,Submit sukses
400,13623288,JUAL BIBIT IKAN DITERAS RUMAH <M. HUDA> <HUDA>,SAMBORA,3,0.346108,109.282,berhasil,Submit sukses
401,13627783,JUAL PENTOL <MARIA YUNI>,DESA PAK BULU RT 006 RW 02 DUSUN PAK BULU,3,0.336052,109.2166,berhasil,Submit sukses
402,13632741,Salon Kecantikan <Kak Darti> <UTIN FARMA DARYANTI>,Jl Boyan,0,0.373891,108.9673,berhasil,Submit sukses
403,13632743,Pangkas rambut <Jamal> <DJAMALUDIN>,Jl Boyan,0,0.373936,108.9673,berhasil,Submit sukses
404,13661368,Penyewaan alat kesenian dan hiburan <my dawa> <Suparlan>,Jln cap ayam,3,0.34422,109.2821,berhasil,Submit sukses
405,13662405,IKAN ASIN <ANISYAH> <ANISYAH>,RT 006 RW 01 DUSUN NELAYAN,3,0.495672,108.9109,gagal,Server Sibuk / No Response
406,13665279,JEJE SALON <JAKA PRANATA>,RT 007 RW 03 DUSUN NELAYAN,3,0.49411,108.9107,berhasil,Submit sukses
407,13669931,WARUNG MAKAN <BERAWATI> <BERAWATI>,JALAN PANGSUMA,3,0.370662,108.9974,berhasil,Submit sukses
408,13681802,KUE KETUK <NURCAHAYA> <NURCAHAYA>,RT 004 RW 02 DUSUN MAWAR,3,0.496261,108.928,berhasil,Submit sukses
409,13699296,Warung mama wingky <Agustin Yuniarti>,Jl Adjelani GG akarim,3,0.35677,108.9529,berhasil,Submit sukses
410,13699989,Laundry Mardah <Mardah>,Jalan Parit Banjar,3,0.306551,109.0194,berhasil,Submit sukses
411,13710150,Warung sembako<misdan> <Misdan>,Jalan Parit Banjar,3,0.340237,109.0241,gagal,Anomali dialog geotag
412,13711796,SUWARTONO <SUWARTONO>,JLN SAMBORA,3,0.348248,109.2808,berhasil,Submit sukses
413,13732181,Nzcillection <Nurzakiah >,Jl.A.Djelani GG.A.Karim,3,0.356997,108.9525,gagal,Anomali dialog geotag
414,13742521,Kripik ubi <kusriati> <Kusriati>,Jl.A.DJelani GG. Borneo,3,0.359682,108.9555,gagal,Anomali dialog geotag
415,13776018,Toko sembako <Paiman> <Paiman>,RT 01 RW 01 TOHO ILIR,3,0.42985,109.2138,berhasil,Submit sukses
416,13788716,AKSESORIS <MARIWAN> <MARIWAN>,JL. RAYA SAMBORA,3,0.346082,109.2819,berhasil,Submit sukses
417,13812092,Pedagang sayur keliling <CANDRA WIJAYA P>,RT 05 RW 01 Toho Ilir,3,0.425563,109.2222,berhasil,Submit sukses
418,13822492,Pembuatan ubi kering<Rohana> <Rohana>,Jalan parit banjar,3,0.337764,109.0414,berhasil,Submit sukses
419,13836812,Pedagang sayur keliling <MEMELUKKU LIANTORIO>,"Desa Toho ilir, Rt007/Rw002",3,0.442782,109.1889,berhasil,Submit sukses
420,13863001,Toko pak hamdan <H. Hamdan>,Jalan Parit Banjar Laut,3,0.30547,109.019,berhasil,Submit sukses
421,13899188,SEWA SOUND SYTEM <HUSAIN VALUTY> <HUSAIN VALUTY>,JL PEMATANG SUKUN,3,0.352937,108.9475,berhasil,Submit sukses
422,13923278,Pujasera Babe <Mahdi> <Hamdi>,Jl. Raden Kusno,3,0.362666,108.95706,berhasil,Submit sukses
423,13928522,MINIMARKET<TONI EKO PRASETYO> <TONI EKO PRASETYO>,JALAN RAYA PAK BULU RT 009 RW 003 DUSUN PINYUH KERSIK,3,0.337102,109.2156,berhasil,Submit sukses
424,13949312,Jualan online pakaian <Dewi krisdayanti SPD>,Jln cap ayam,3,0.344252,109.2822,berhasil,Submit sukses
425,13953774,Penjual keyu eceran <sutikno> <Sutikno>,Jln cap ayam,3,0.342917,109.2807,berhasil,Submit sukses
426,13958802,SALON<KAK ITA> <JUWITA>,Rt 009 Rw 002 SUNGAI DURI 2 DUSUN TARUNA,3,0.534063,108.918,berhasil,Submit sukses
427,14005353,TOKO IKAN < bapak Lukman> <LUKMAN HAKIM>,Jalan Sejati,3,0.327128,108.9672,berhasil,Submit sukses
428,14053351,JUAL PENTOL KUAH <NORAINI>,"jl.Kp baru Rt007, Rw 002 DUSUN PAK BULU",3,0.334404,109.2162,berhasil,Submit sukses
429,14079989,CANGKAU/TENGKULAK BUAH KELAPA <DEDI> <DEDI ASWARI>,RT 001 RW 01 DUSUN MELATI,3,0.495961,108.9227,berhasil,Submit sukses
430,14137708,Warung makan <DESI WULANDARI> <DESI WULANDARI >,Dusun Simpang Tiga RT 011 RW 005,3,0.430082,108.9645,skipped,Sudah GC
431,14145047,WARUNG <PALELA> <PALELA>,JL DJOHANSYAH BAKRI,3,0.37149,109.005831,skipped,Sudah GC
432,14146952,Gunting rambut <FUNG KIAN>,Jl.adjelani,3,0.358114,108.9488,skipped,Sudah GC
433,14179812,cantika fashion <rosmala dewi>,jl raya wajok hilir,3,0.043478,109.2315,berhasil,Submit sukses
434,14194020,Pentol rokim <Rokim>,Jl. Sumber agung,3,0.36454,109.2669,berhasil,Submit sukses
435,14202678,JUALAN ES SIRUP < LAURA APRINA > <LAURA APRINA>,Jl. M . Taha,3,0.355794,108.9414,berhasil,Submit sukses
436,14241377,Warung sembako yopita <Albert hendoli>,Dusun Toho Ilir rt 002/Rw001 Desa Toho Ilir,3,0.424563,109.2176,berhasil,Submit sukses
437,14243056,GORENGAN <IRAWATI> <IRAWATI>,SAMBORA,3,0.344231,109.2836,berhasil,Submit sukses
438,14271624,PENGILINGAN PADI <MARKUS ANDRA>,JL RAYA PAK BULU RT 004 RW 02 DUSUN PAK BULU,3,0.338597,109.2133,berhasil,Submit sukses
439,14280084,Bengkel Motor <IRAN> <Iran>,Jln raya sambora,3,0.341839,109.2863,berhasil,Submit sukses
440,14287345,KUE BASAH < HATIMAH > <HATIMAH>,Jl. Pematang sukun,3,0.344675,108.9419,berhasil,Submit sukses
441,14287427,Dapur saufa <Candra rumiko >,Jl.A.Djelani,3,0.359703,108.9525,gagal,Anomali dialog geotag
442,14294233,Tokoh penjual es kueh gula <Mahmudah>,Sambora gg cap ayam RT/RW 013/001,3,0.343826,109.2803,berhasil,Submit sukses
443,14370794,DAGANG KUE PUTU KELILING <ASMADI> <ASMADI>,RT 002 RW 01 DUSUN MELATI,3,0.496272,108.9234,berhasil,Submit sukses
444,14397029,Buah mang agun <Agun>,Jl. Sambora,3,0.349293,109.278,berhasil,Submit sukses
445,14435176,JUAL ES BATU <SRI DEWI YANA> <SRI DEWI YANA>,RT 006 RW 03 DUSUN NELAYAN,3,0.495564,108.9102,skipped,Sudah GC
446,14487355,Jualan es tebu dan kelapa <Nurhayati>,Jl. Raya sungai durian,3,0.022228,109.267162,gagal,Server Sibuk / No Response
