no,idsbr,nama_usaha,alamat,keberadaanusaha_gc,latitude,longitude,status,catatan
12,97239264,PANCUR KASIH. CU,JALAN RAYA JURUSAN PONTIANAK SUNGAI PINYUH,0,,,gagal,Dialog sukses tidak muncul
35,97240462,KEDAI MINUMAN <ROSNAH>,JL BAWAL,3,,,skipped,Sudah GC
36,97240464,WARUNG MAKAN <TRI>,JL BAWAL,3,,,skipped,Sudah GC
37,97240470,KEDAI MINUMAN <MARIANA>,JL BAWAL,3,,,skipped,Sudah GC
38,97240471,TOKO MAINAN <ATIAM>,JL BAWAL,3,,,skipped,Sudah GC
39,97240479,BIDAN PRAKTEK,JALAN A DJELANI,3,,,skipped,Sudah GC
40,97240489,KSP SUMBER SEJAHTERA,JALAN AL FALAH,3,,,skipped,Sudah GC
41,97240841,TOKO SEMBAKO SUBUR,JL.MELATI,3,,,skipped,Sudah GC
42,97240914,"ALAM DESA JAYA, PT",Jl. M. Thaha Rt. 029/Rw. 001 Kel. Terusan Kec. Mempawah Hilir,0,,,skipped,Sudah GC
43,235217,KOPERASI KARINI,Jl. Raden Kusno Mempawah,0,,,error,"Page.wait_for_timeout: Target page, context or browser has been closed"
