no,idsbr,nama_usaha,alamat,keberadaanusaha_gc,latitude,longitude,status,catatan
12,97239264,PANCUR KASIH. CU,JALAN RAYA JURUSAN PONTIANAK SUNGAI PINYUH,0,,,gagal,Dialog sukses tidak muncul
43,235217,KOPERASI KARINI,Jl. Raden Kusno Mempawah,0,,,skipped,Sudah GC
44,235221,KUD KARYA TANI,Pasar Karangan,0,,,skipped,Sudah GC
45,235227,KUD KESRA MINA,Desa Sei Pinyuh,0,,,skipped,Sudah GC
46,235239,KPN PENGAYOMAN,Jl. Raden Kusno Mempawah,0,,,skipped,Sudah GC
47,235236,KPN MEKONIB,Rutan Mempawah,0,,,skipped,Sudah GC
48,235249,KOPERASI KAPOLDA,Kalimantan Barat,0,,,error,Run stopped by user.
