no,idsbr,nama_usaha,alamat,keberadaanusaha_gc,latitude,longitude,status,catatan
12,97239264,PANCUR KASIH. CU,JALAN RAYA JURUSAN PONTIANAK SUNGAI PINYUH,0,,,berhasil,Submit sukses
48,235249,KOPERASI KAPOLDA,Kalimantan Barat,0,,,skipped,Sudah GC
49,235255,KUD SUBUR SEJAHTERA,Desa Siantan,0,,,skipped,Sudah GC
50,97240958,TOKO PERABOT DUTA. GLOBAL,JL.GUSTI M TAUFIK,3,,,skipped,Sudah GC
51,97240941,PENYEDIAAN PERMAINAN PS 2 <TJIN THIN>,JL MELATI,3,,,skipped,Sudah GC
52,97240949,WARNET,JL MELATI,3,,,skipped,Sudah GC
53,235269,KUD KARYA MASSA,Desa Sei Kunyit,0,,,skipped,Sudah GC
54,235267,KUD KESEJAHTERAAN RAKYAT PETANI,Desa Iantan,0,,,skipped,Sudah GC
55,97240948,WARNET WILLYAM NET,JL MELATI,3,,,skipped,Sudah GC
56,97240963,KIOS BENSIN <KAPUS SUJIMAND>,JJ. RADEN KUSNO,3,,,skipped,Sudah GC
57,97238824,PEMBELI PINANG <AKIAN>,JL PASAR SEGEDONG,3,,,skipped,Sudah GC
58,97238906,"SAPTA COCONUT UTAMA, PT",JL. RANA NUSAPATI KM 47,3,,,skipped,Sudah GC
59,97240578,"SALON ""IID""",JALAN BAWAL,3,,,skipped,Sudah GC
60,97240585,TOKO GUNUNG JATI,JL. MELATI,3,,,skipped,Sudah GC
61,97240577,TOKO BAJU LELONG<LENI>,JALAN BAWAL,3,,,skipped,Sudah GC
62,97240582,WARUNG KOPI MELOR,JL.MELATI,3,,,skipped,Sudah GC
63,97240598,BENGKEL LAS <ADI>,JL RADEN KUSNO GG KEMBAR,3,,,skipped,Sudah GC
64,97240696,WARKOP BASKET,JL. MAWAR,3,,,skipped,Sudah GC
65,97240704,TOKO BAJU ARAY,JL. MAWAR,3,,,skipped,Sudah GC
66,97240691,TOKO GORENG PISANG,JL. MAWAR,3,,,skipped,Sudah GC
67,97239981,TOKO BAJU GALAKSI,JALAN GUSTI MUHAMMAD TAUFIK,3,,,skipped,Sudah GC
68,97239044,T. B. WALET JAYA,JL JURUSAN MEMPAWAH,3,,,skipped,Sudah GC
69,97240121,TOKO SEMBAKO <IYAM>,JL BAWAL NO A29,3,,,skipped,Sudah GC
70,97239314,PT VAN JAYA,JL. H. NAWAWI,3,,,skipped,Sudah GC
71,97240116,TOKO OBAT STAMINA,JALAN GUSTI MUHAMMAD TAUFIK,3,,,skipped,Sudah GC
72,97240103,TOKO OBAT CAHAYA BARU,JALAN GUSTI MUHAMMAD TAUFIK,3,,,skipped,Sudah GC
73,97240125,TOKO SEMBAKO <SAZALI>,JL BAWAL A24,3,,,skipped,Sudah GC
74,97239339,TOKO TUNAS JAYA,PASAR TERATAI SUNGAI PINYUH,3,0.278569,109.074676,skipped,Sudah GC
75,97239399,SHOW ROOM SUZUKI,JALAN JURUSAN DAN SELIUNG,3,,,skipped,Sudah GC
76,97239400,SUPER SUKSES MOTOR PT,JL JURUSAN SELIUNG,0,,,skipped,Sudah GC
77,97239536,GUDANG BONGKAR MUAT KAYU <ALONG>,JALAN RAYA ANJUNGAN MELANCAR,3,,,skipped,Sudah GC
78,97239520,SAUDARA SUPER JAYA EXPRESS PT,JALAN SELIUNG,0,,,skipped,Sudah GC
79,97239534,DUTA SARANA CV,SALAN RAYA ANJUNGAN MELANCAR,3,,,skipped,Sudah GC
80,97239552,USAHA JUAL PAKAN TERNAK <YETI>,PASAR ANJUNGAN ARAH KE MANDOR,0,,,skipped,Sudah GC
81,97239571,TOKO VARIA,PASAR BARU SUNGAI PINYUH,3,0.27974,109.074451,skipped,Sudah GC
82,97239556,KOPERASI MADUMA <ASPA>,JALAN RAYA ANJUNGAN,3,,,skipped,Sudah GC
83,97241064,KOPERASI SIMPANPINJAMMAD ANI,JALAN ARIFIN THARIF,3,,,skipped,Sudah GC
84,97238285,PRASTU WAHYU TRIMITRA 20 MW ENGINERING PT,JL RAYA JUNGKAT KM 18,3,,,skipped,Sudah GC
85,97241070,BIDAN PRAKTEK PERSALINAN <ROSITA>,JALAN DR RUBINI,3,,,skipped,Sudah GC
86,97241072,APOTIK NIRWANA <WANDA>,JALAN DR RUBINI,3,,,skipped,Sudah GC
87,97238402,PETRO KIMIA GRESIK PT,"JLN RAYA WAJOK HILIR KM 12, 5",3,,,berhasil,Submit sukses
88,97238403,TRANSINDO PT,"JLN RAYA WAJOK HILIR KM 13, 5",3,,,berhasil,Submit sukses
89,97238412,WIJAYA MULIA KALBAR. PT,JL.WAJOK HILIR,3,,,berhasil,Submit sukses
90,97238428,"NAWA PERKASA, PT",WAJOK HULU,3,,,berhasil,Submit sukses
91,97238305,PEMANCAR RADIO REPUBLIK INDONESIA,JALAN RAYA WAJOK HILIR,3,,,berhasil,Submit sukses
92,97238431,SUMBER HARAPAN INDAH PT,JL RAYA WAJOK HULU,3,,,gagal,Dialog sukses tidak muncul
93,97241185,PENJUAL TAHU <LIU JAM KIM>,JALAN CEMPAKA,3,,,berhasil,Submit sukses
94,97241196,JASA RAHARJA PT,JALAN RADEN SUJARWO,3,0.36416,108.957852,berhasil,Submit sukses
95,97238534,PUTRA MAKMUR PD,JL RAYA WAJOK HULU KM 10.7,3,,,berhasil,Submit sukses
96,97238538,SIANTAN SURYATAMA PT,"JALAN RAYA WAJOK HULU KM 10,1",3,,,berhasil,Submit sukses
97,97238539,GOAUTAMA SINARBATUAH PT,JALAN RAYA WAJOK HULU KM 10,3,,,berhasil,Submit sukses
98,97238548,MANDIRI TEGUH INTI SEJAHTERA PT,JLN RAYA WAJOK HULU KM 9.7 TELOK DALAM,3,,,gagal,Dialog sukses tidak muncul
99,97241315,USAHA FOTOGRAFI <YUDI>,JALAN GUSTI ABDUL HAMID,3,,,berhasil,Submit sukses
100,97238047,PT FEDERAL INTERNASIONAL FINANCE,JL RAYA JUNGKAT RUKO NO 1 TERMINAL JUNGKAT,0,,,berhasil,Submit sukses
101,97238029,PT BBC DAN PT MEP,JL RAYA JUNGKAT,3,,,berhasil,Submit sukses
102,97238159,DEALER MOTOR <INDO MOTOR>,JALAN RAYA JUNGKAT,3,0.065776,109.199937,berhasil,Submit sukses
103,97240824,TOKO LARIS,JL. GUSTI M. TAUFIK,3,,,berhasil,Submit sukses
104,97240828,WARNET PAK RUSTAM,JL. TERATAI,3,,,berhasil,Submit sukses
105,97239144,AGEN MAKANAN DAN MINUMAN,JALAN JURUSAN MEMPAWAH,0,,,berhasil,Submit sukses
106,97239168,"PENERBIT ERLANGGA, PT",JALAN PENDIDIKAN,3,,,berhasil,Submit sukses
107,97239944,"CAKRA ANDALAN LESTARI, PT",JALAN PENDIDIKAN,0,,,berhasil,Submit sukses
108,97239971,RUMAH MAKAN <SRIDARNA>,JALAN GUSTI MUHAMMAD TAUFIK,3,,,berhasil,Submit sukses
109,97240211,PENJUAL DAGING BABI <CEN SUK BUN>,JL BAWAL,0,,,berhasil,Submit sukses
110,97240203,TOKO SEMBAKO <KO HONG SIA>,JL BAWAL,3,,,berhasil,Submit sukses
111,97240207,TOKO SEMBAKO <HENDRI>,JL BAWAL,3,,,berhasil,Submit sukses
112,97240227,PENJUAL IKAN <RASIMIN>,JL BAWAL,3,,,berhasil,Submit sukses
113,97240225,PENJUAL IKAN <ANUAR>,JL BAWAL,3,,,berhasil,Submit sukses
114,97240231,PENJUAL AYAM <SABANI>,JL BAWAL,3,,,berhasil,Submit sukses
115,97240208,SEMBAKO <JULIANTO>,JALAN BAWAL,3,,,berhasil,Submit sukses
116,97240230,PENJUAL IKAN <ZULKIFLI>,JL BAWAL,3,,,berhasil,Submit sukses
117,97240246,TOKO PAKAIAN <SAIYA>,JL BAWAL NO 19,3,,,berhasil,Submit sukses
118,97240244,TOKO PAKAIAN <JIMAH>,JL BAWAL,3,,,berhasil,Submit sukses
119,97240251,TOKO PAKAIAN BEKAS <MASKAMSIAH>,JL BAWAL,3,,,berhasil,Submit sukses
120,97240217,TOKO SEMBAKO <ILYAS>,JL BAWAL A8,3,,,berhasil,Submit sukses
121,97239674,BENGKEL MOTOR <STEVANUS>,JL RAYA ANJUNGAN PASAR LINTANG,3,,,berhasil,Submit sukses
122,97239681,RUMAH MAKAN <MARDANUS>,JL RAYA ANJUNGAN PASAR LINTANG,3,,,berhasil,Submit sukses
123,97238651,PT SJS,JALAN RAYA WAJOK HULU,0,,,berhasil,Submit sukses
124,97239676,WARUNG KOPI <BAHAR>,JL RAYA ANJUNGAN PASAR LINTANG,3,,,gagal,Dialog sukses tidak muncul
125,97239684,WARUNG KOPI <SISKA>,JL RAYA PASAR LINTANG ANJUNGAN,3,,,gagal,Dialog sukses tidak muncul
126,97238668,"WILMAR BIO ENERGY, PT",JALAN RAYA WAJOK HULU,3,,,gagal,Dialog sukses tidak muncul
127,97239735,PNM LILA MM,"JL SELIUNG ,JURUSAN ANJUNGAN",0,,,berhasil,Submit sukses
128,97239728,APOTIK DAMAI,JALAN RAYA ANJUNGAN,3,,,berhasil,Submit sukses
129,97239750,PT.ASURANSI JIWASRAYA,JL.DAENG MENAMBON KEL TENGAH,3,,,gagal,Dialog sukses tidak muncul
130,97239792,KOPERASI SIMPAN PINJAM <MADUMA>,ANJUNGAN MELANCAR,3,,,gagal,Dialog sukses tidak muncul
131,97239785,TOKO SEMBAKO <MUNAWARAH>,JL RAYA ANJUNGAN,3,,,gagal,Dialog sukses tidak muncul
132,97239788,BENGKEL MOTOR <JONI>,JL RAYA ANJUNGAN MELANCAR,3,,,berhasil,Submit sukses
133,97239807,TAKO SEMBAKO<SIN PHIN>,JURUSAN PONMANAK,3,,,berhasil,Submit sukses
134,97239793,KOPERASI SIMPAN PINJAM <ROARTARO>,ANJUNGAN MELANCAR,3,,,berhasil,Submit sukses
135,97239810,TOKO BANGUNAN PERINTIS <H MAULIDI>,JURUSAN PONTIANAK,3,0.360923,109.164853,berhasil,Submit sukses
136,97239804,JUAL GAS ELPIJI <ALI>,JL BUNGLIUK DESA PAKBULU,3,,,berhasil,Submit sukses
137,97238711,DMZ FUTSAL <DENI>,JALAN RAYA SEGEDONG,3,,,berhasil,Submit sukses
138,97239842,KSU KOZERA ROLARO,JL SELIUNG,0,,,gagal,Dialog sukses tidak muncul
139,97239882,PESANTREN NURUL HIDAYAH,JL ADIWIJAYA,3,,,gagal,Dialog sukses tidak muncul
140,97238812,BMT SIDOGIRI,JALAN RAYA SEGEDONG PENITI BESAR,3,,,berhasil,Submit sukses
141,97238820,BANK BRI <CAPEM>,JALAN PASAR SEGEDONG,3,,,berhasil,Submit sukses
142,97239930,DANAMON SIMPAN PIMJAM,JL JURUSAN PONTIANAK,3,,,berhasil,Submit sukses
143,94422526,BTN Kantor KAS SUNGAI KUNYIT,Jl. Raya Sungai Kunyit,0,,,gagal,Dialog sukses tidak muncul
144,94490105,"PT. Lautan Luas Tbk, Kantor Perwakilan Pontianak","Jalan Raya Wajok Hilir Km. 15,65 Siantan, Pontianak",0,,,gagal,Dialog sukses tidak muncul
145,94431079,"PT Pegadaian <Persero>, UPC SEGEDONG",-,0,,,gagal,No results found
146,94431071,"PT Pegadaian <Persero>, UPC KUALA SECAPAH",jlN. D. MENAMBON,3,,,gagal,Dialog sukses tidak muncul
147,94662389,"PT STRATEGIC PARTNER SOLUTION, Representative Offices Pontianak","Jalan Raya Wajok Hilir Km. 15,65 Siantan, Pontianak",0,,,gagal,Dialog sukses tidak muncul
148,97708379,PALOMA SHOPWAY,JL PANGSUMA,3,,,gagal,Dialog sukses tidak muncul
149,97708380,PEDAGANG IKAN <HAMDAN>,JALAN RAYA SUNGAI DUNGUN,3,,,gagal,Dialog sukses tidak muncul
150,97708401,MINI MARKET <ALTIA MART>,J L DAENG MENAMBON,3,,,gagal,Dialog sukses tidak muncul
151,97708457,SHOUW ROOM MOBIL <GUNTUR>,JALAN RAYA ANJUNGAN,0,,,gagal,Dialog sukses tidak muncul
152,97708494,PEDAGANG KELILING <PARNO>,KOMPLEK BTN SELIUNG,0,,,gagal,Dialog sukses tidak muncul
153,97708503,JUAL BELI KELAPA <SKANDIVA PRIHARJA>,JL RAYA SEMUDUN,0,,,gagal,Dialog sukses tidak muncul
154,97708636,ANGKUTAN <H TOHIR>,JL RAYA PENIRAMAN,3,,,gagal,Dialog sukses tidak muncul
155,97708706,ANGKUTAN <ZUL FAKAR>,DUSUN DANAU GAMBIR,3,,,gagal,Dialog sukses tidak muncul
156,97708727,JUAL BELI BUAH,DESA SUNGAI BUNDUNG LAUT DUSUN SUKATANI,3,,,gagal,Dialog sukses tidak muncul
157,97708754,MATAHARI TERBIT <AHIAN>,JL DAENG MANAMBON,0,,,gagal,Dialog sukses tidak muncul
158,97708752,USAHA IKAN <ISMAIL SOOD>,JL.RAYA SEMUDUN,3,,,gagal,Dialog sukses tidak muncul
159,97708758,TOKO SEMBAKO <SITAR>,DESA SUNGAI BUNDUNG LAUT DUSUN SUKATANI,3,,,gagal,Dialog sukses tidak muncul
160,97708315,PENGUSAHA TELOR,GG KOM PALM 2,3,,,gagal,Dialog sukses tidak muncul
161,97763664,"PONTIANAK BREDER FARM, PT","NEGARA KM 71, JL; DSN PINYUH KERSIK RT 06/03",0,,,gagal,Dialog sukses tidak muncul
162,97238158,WARUNG MAKAN <TOM YAM>,JALAN RAYA JUNGKAT,3,,,gagal,Dialog sukses tidak muncul
163,97240048,DEPOT AIR MINUM,GG KARTINI JL GST M TAUFIK,3,,,gagal,Dialog sukses tidak muncul
164,97240065,PENGOBATAN KESEHATAN <RITA NOVITA>,JALAN MANE PAK KASIH,3,,,gagal,Dialog sukses tidak muncul
165,97239952,TOKO ROKOK <H BOY>,JALAN GUSTI MUHAMMAD TAUFIK,3,,,gagal,Dialog sukses tidak muncul
166,97241191,USAHA WARNET<MUCHLIS>,JALAN RADEN SUJARWO,3,,,gagal,Dialog sukses tidak muncul
167,97239404,WISATA ELEKTRONIK,JALAN JURUSAN SELIUNG,3,0.278522,109.074883,gagal,Server Sibuk / No Response
168,97241189,USAHA FOTOCOPY<DINA FATHIA>,JALAN GUSTI ABDULHAMID,3,,,gagal,Dialog sukses tidak muncul
169,97241314,RENTAL PS <ANGGA >,JALAN GUSTI ABDUL HAMID,3,,,gagal,Dialog sukses tidak muncul
170,97241309,DEPOT AIR MINUM <ALVIANSYAH>,JALAN GUSTI ABDUL HAMID,3,,,gagal,Dialog sukses tidak muncul
171,97239499,JUAL ES TEBU <LASIMAN>,JL DG MANAMBON,3,,,gagal,Dialog sukses tidak muncul
172,97239590,TOKO CAHAYA PUTRA,PASAR BARU SUNGAI PINYUH,3,0.2796,109.074814,gagal,Server Sibuk / No Response
173,97239595,TOKO PRINCES,JL JURUSAN SELIUNG,3,,,gagal,Dialog sukses tidak muncul
174,97239577,TOKO ABC,PASAR BARU SUNGAI PINYUH,3,0.27981,109.074302,gagal,Server Sibuk / No Response
175,97241190,KSP KOPSTA BPS KAB MEMPAWAH,JALAN RADEN KUSNO,3,0.363327,108.956959,gagal,Server Sibuk / No Response
176,97239755,SEWA TEMPAT BILLIARD RAMLI,JLN ABU BAKAR,3,,,gagal,Dialog sukses tidak muncul
177,97239758,MEBEL <MORDIANSYAH>,JLN M TAHA,3,,,gagal,Dialog sukses tidak muncul
178,97239866,MMBC TRAVEL HASANUDIN,JL MANE PAK KASIH,0,,,gagal,Dialog sukses tidak muncul
179,97239877,SUZUKI MOTOR MEMPAWAH PD,JALAN GUSTI MUHAMMAD TAUFIK,3,,,gagal,Dialog sukses tidak muncul
180,97239859,PAUD MATAHARI <MIRA>,JL GUSTI M TAUFIK,3,,,gagal,Dialog sukses tidak muncul
181,97239754,BANTAN BESI <HADI>,JLN ABU BAKAR,3,,,gagal,Dialog sukses tidak muncul
182,97239858,WARNET <DAVID>,JL GUSTI M TAUFIK,3,,,gagal,Dialog sukses tidak muncul
183,97241085,BIDAN PRAKTEK BERSALIN <MUTI>,JALAN CEMPAKA,3,,,gagal,Dialog sukses tidak muncul
184,97241065,GEDUNG KARTINI,JL RDN KUSNO,3,,,gagal,Dialog sukses tidak muncul
185,97240575,TOKO PENJUALAN BAJU ANAK-ANAK <UCI>,JALAN BAWAL,3,,,gagal,Dialog sukses tidak muncul
186,97240647,DEALER MOTORYAMAHA,JALAN RAYA SUNGAI KUNYIT,3,,,gagal,Dialog sukses tidak muncul
187,97240943,RUMAH MAKAN RFC,JL MELATI,3,,,gagal,Dialog sukses tidak muncul
188,97240579,MESS DPRD,JL. GUSTI MUHAMMAD TAUFIK,3,,,gagal,Dialog sukses tidak muncul
189,97766663,"BRENT MULTI JAYA, PT",KEBUN DIMEMPAWAH HILIR DAN SUNGAI PINYUH,0,,,gagal,Dialog sukses tidak muncul
190,2472586,SUKSES ABADI KIJING,JL. RAYA SUNGAI KUNYIT,3,,,gagal,Dialog sukses tidak muncul
191,2478211,LIONG PUTRA JAYA,JL RAYA SUNGAI PINYUH,3,,,gagal,Dialog sukses tidak muncul
192,2493016,LKSA PANTI ASUHAN DARUL AITAM,JL DSN TEKAM,0,,,berhasil,Submit sukses
193,2535442,KIBAS SURYA MAKMUR,JALAN SIMPANG EMPAT,0,,,berhasil,Submit sukses
194,2590466,MEMPAWAH NEWS SIBER,JL JURUSAN ANJUNGAN,0,,,berhasil,Submit sukses
195,2661459,"NINDYA-DAMAI, KSO",RAYA SUI PINYUH,0,,,berhasil,Submit sukses
196,2726297,YPI AL FAQIHIL MUQODDAM,JL JIHAT PARIT NANGKA,0,,,berhasil,Submit sukses
197,2774101,PINYUH MIGAS,DESA DEMA RT.009 RW.001,3,,,berhasil,Submit sukses
198,2775740,TK IMMANUEL SEGEDONG,JL. PROTOKOL KOMP. GKKB JEMAAT SEGEDONG RT.01 RW.03,3,,,berhasil,Submit sukses
199,2792557,PATRA PILAR LESTARI,JL RAYA DUSUN KURNIA,0,,,berhasil,Submit sukses
200,2835522,PAUD MAKARTI,JALAN RAYA WAJOK HULU KM 9 RT 01 RW 09 WAJOK HULU,3,,,berhasil,Submit sukses
201,2853965,BUMI KALBAR,JL JURUSAN MEMPAWAH,0,,,berhasil,Submit sukses
202,2869221,POWER LAND INDONESIA,JALAN RAYA SUNGAI BAKAU BESAR LAUT (DISAMPING MADRASAH DARUL NAJAH),3,,,berhasil,Submit sukses
203,2888370,GAPOKTAN USAHA BARU,JLN BULUH,3,,,berhasil,Submit sukses
204,2943806,SMART EDUKA,JL. RAYA ANJUNGAN TOHO RT.007 RW.003,3,,,berhasil,Submit sukses
205,2997483,FAJAR UTAMA BORNEO,JALAN GUSTI MUHAMMAD TAUFIK,0,,,berhasil,Submit sukses
206,3124738,ZENAS INDONESIA,JALAN WAJOK HULU KM 9.8,0,,,berhasil,Submit sukses
207,3153121,MARGA SAKTI,GG TANJUNG,0,,,berhasil,Submit sukses
208,3247414,TIGA NAGA BERSATU,JALAN AHMAD YANI,0,,,berhasil,Submit sukses
209,3303127,LEMBAGA IKATAN KELUARGA MUSLIM INDONESIA,GG KARYA USAHA 1,0,,,berhasil,Submit sukses
210,3396850,CENTRAL PRANATA,JALAN PASAR SENTRAL SUNGAI PINYUH NO 10 RT 004 RW 004,0,,,berhasil,Submit sukses
211,3511764,PESONA PATHIRA,"JL. PENDIDIKAN RT.006 RW.003, SUNGAI PINYUH",0,,,berhasil,Submit sukses
212,3662784,FIEKA INDAH LESTARI,GANG SEPAKAT PERMAI,0,,,berhasil,Submit sukses
213,3665395,TIRTA WUKIR,"JL.CENDRAMIDI NO.06 RT.011 RW.006, KAMPUNG TENGAH",0,,,berhasil,Submit sukses
214,3776776,PAUD PELANGI CERIA,JL. PARIT BARU,3,,,berhasil,Submit sukses
215,3790551,ANUGRAH BEBY JAYA,JL. PASAR TENGAH ANJUNGAN,3,,,berhasil,Submit sukses
216,3809727,SALAMA GLOBAL LOGISTICS,JL. NASIONAL RUAS SUNGAI DURI ? MEMPAWAH,0,,,berhasil,Submit sukses
217,3954240,AKR TRANSPORTASI INDONESIA,JL RAYA KM 16,0,,,berhasil,Submit sukses
218,3976351,WILMAR BIOENERGI INDONESIA,JALAN RAYA WAJOK HULU KM 8 RT. 006 RW. 001,3,,,berhasil,Submit sukses
219,4049624,ASOSIASI BADAN PERMUSYAWARATAN DESA SELURUH INDONESIA<ABPEDSI>,JL BARDANNADI,0,,,berhasil,Submit sukses
220,4078177,KAPUAS JAYA LESTARI,RAYA WAJOK HULU,0,,,berhasil,Submit sukses
221,4293476,LEMBAGA PENDIDIKAN ISLAM MUJAHIDIN,RADEN PATIH GUMENTAR,0,,,berhasil,Submit sukses
222,4353673,MEDIA UTAMA,"JALAN A. DJELANI, KOMPLEK MEMPAWAH PERMAI",0,,,berhasil,Submit sukses
223,4482824,MUTIARA INDAH,JL RAYA SEMUDUN,0,,,berhasil,Submit sukses
224,4524032,DPC LEMBAGA ANTI NARKOTIKA KAB MEMPAWAH,JL DAENG MANAMBON,3,,,gagal,Dialog sukses tidak muncul
225,4594680,ADHI KARYA,RAYA SUNGAI BATANG,0,,,gagal,Dialog sukses tidak muncul
226,98076733,"BEJO, PO",JL SUNGAI PANDAN RT 008/001 DESA WAJOK HULU,0,,,gagal,Dialog sukses tidak muncul
227,98076737,POKTAN LEMBAH HIJAU I,DESA PARIT BANJAR,0,,,gagal,Dialog sukses tidak muncul
228,98076738,POKTAN MARHABAN II,DESA ANTIBAR,0,,,gagal,Dialog sukses tidak muncul
229,98076740,POKTAN SINAR SEMAYAR,SUNGAI KUNYIT HULU,0,,,gagal,Dialog sukses tidak muncul
230,4892849,PENGGILINGAN PADI <HERMANSYAH>,JALAN ANJUNGAN DEPAN ASRAMA ZIPUR,3,,,gagal,Dialog sukses tidak muncul
231,4892852,JASA LAS <HARTANTO>,ANJUNGAN MELANCAR,0,,,gagal,Dialog sukses tidak muncul
232,4892874,LAS <MUKLIS>,JL DAENG MANAMBON,3,,,gagal,Dialog sukses tidak muncul
233,4892876,DEPOT AIR MINUM HABIB,JLN ANEKA,3,,,gagal,Dialog sukses tidak muncul
234,4892880,JAMU TRADISIONAL <MARYAM>,JLN ABU BAKAR KOMPLEK ABRASI,3,,,gagal,Dialog sukses tidak muncul
235,4892882,MESIN KELAPA <GO TIAN TJE>,JALAN A DJAELANI,3,,,gagal,Dialog sukses tidak muncul
236,4892946,CETAK BATAKO<KAWI>,JALAN SWADAYA,3,,,gagal,Dialog sukses tidak muncul
237,4943530,YURNIARTI PPOB,JL DAENG MENAMBON,0,,,gagal,Dialog sukses tidak muncul
238,5353228,"JUAL BELI MOBIL TRUK ""SEMOGA JAYA MOTOR""",JL. RAYA SUNGAI BATANG,3,,,gagal,Dialog sukses tidak muncul
239,5354369,BUTIK HAYALA,JALAN A DJELANI,3,,,gagal,Dialog sukses tidak muncul
240,5354377,TOKO KASET CD / DVD <IWAN>,JALAN GUSTI MUHAMMAD TAUFIK,3,,,gagal,Dialog sukses tidak muncul
241,5354381,JUALAN HELM <NIKEN>,JALAN GUSTI MUHAMMAD TAUFIK,3,,,gagal,Dialog sukses tidak muncul
242,5354449,TOKO BAJU <SAREP>,JALAN SAMBORA,3,,,gagal,Dialog sukses tidak muncul
243,5354450,TOKO SEMBAKO <PINUS>,JALAN SAMBORA,3,,,gagal,Dialog sukses tidak muncul
244,5354461,BENGKEL MOTOR ANUGRAH,DUSUN TOHO ILIR,3,,,gagal,Dialog sukses tidak muncul
245,5503718,ANGKUTAN OPLET <UDIN>,JL KAMPUNG PASIR,3,,,gagal,Dialog sukses tidak muncul
246,5503720,TUKANG BECAK <RAHMAN>,JL GST IBRAHIM SYAFIRUDDIN,0,,,gagal,Dialog sukses tidak muncul
247,5705631,MARTABAK TELUR K5 <MURI>,JALAN ARIFIN THARIF,3,,,gagal,Dialog sukses tidak muncul
248,5705666,WARUNG MAKAN <EMA>,JALAN MANUNGGAL XIII,3,,,gagal,Dialog sukses tidak muncul
249,5773902,WARUNG INTERNET <ALEX>,PERUMAHAN NUSA PERMAI,3,,,gagal,Dialog sukses tidak muncul
250,5849884,JUAL BAJU DAN SEWA BAJU <UTIN>,JL DG. MANAMBON GG. M. TAHIR,3,,,gagal,Dialog sukses tidak muncul
251,5874914,PIJET KELILING <IDRIS>,JLN ABU BAKAR,0,,,gagal,Dialog sukses tidak muncul
252,5889110,RENTAL PS <RIZAL>,JLN GST SALEHUDIN GG KARTINI,3,,,gagal,Dialog sukses tidak muncul
253,5955985,SALON KECANTIKAN <SULIA>,JALAN RAYA JUNGKAT,3,,,gagal,Dialog sukses tidak muncul
254,5957219,SERVIS TV <TAMSER>,JALAN YUSUF AMIN SUNGAI DURI 1,3,,,gagal,Dialog sukses tidak muncul
255,5957355,PANGKAS RAMBUT <MOKO>,JL GST HAIDIR,3,,,gagal,Dialog sukses tidak muncul
256,5965655,"SINAR AMBAWANG, PT",JL. TANJUNG PURA NO. 385,0,,,gagal,Dialog sukses tidak muncul
257,5976002,"BINA ARDI LESTARI, PT","JL. RAYA DEMA, ANJONGAN",3,,,gagal,Dialog sukses tidak muncul
258,5976910,"RIZKI ANUGRAH, CV.","JL. ASOKA, SUNGAI PINYUH",0,,,gagal,Dialog sukses tidak muncul
259,6053950,Salon Rahman,Jl. Raya Nusapati,0,,,gagal,Dialog sukses tidak muncul
260,6054078,Cinta Mangrove Park,Jl. Sungai Bakau Besar Laut,0,,,gagal,Dialog sukses tidak muncul
261,6054147,"Praktek Bidan Mandiri ""Sri""",Jl. Raya Nusapati,0,,,gagal,Dialog sukses tidak muncul
262,6054508,"Konsultan ""Eliana""","Jl. Gusti Sulung Lelanang, Mempawah",0,,,gagal,Dialog sukses tidak muncul
263,6055184,Patria Jaya,"Gg. Swaday 1, Nusapati",0,,,gagal,Dialog sukses tidak muncul
264,6070032,PRIMER KOPERASI KARTIKA,JL. RADEN KURNO NO 04 RT 04 RW 14,0,,,gagal,Dialog sukses tidak muncul
265,6078543,"TOTAL OPTIMA PRAKARSA, PT",JL. H. NAWAWI PENIRAMAN,0,,,gagal,Dialog sukses tidak muncul
266,6078576,"HASIL MANDIRI UTAMA, CV",JL. H. MA'RUF PENIRAMAN,0,,,gagal,Dialog sukses tidak muncul
267,6078583,"SINAR KHATULISTIWA, CV",JL. PENITI LUAR RT03/RW05,0,,,gagal,Dialog sukses tidak muncul
268,6078594,KM. SEJAHTERA,JL. RAYA SUNGAI BAKAU BESAR LAUT,0,,,gagal,Dialog sukses tidak muncul
269,6078597,INDUSTRI TAHU TEMPE SUBANDI,JL. BEMBAN DESA SEJEGI MEMPAWAH TIMUR,0,,,gagal,Dialog sukses tidak muncul
270,6078598,GALIFA MEUBEL,JL. BEMBAN DESA SEJEGI MEMPAWAH TIMUR,0,,,gagal,Dialog sukses tidak muncul
271,6078600,"SUKSES JAYA MANDIRI, CV",JL. ADIWIJAYA DESA ANTIBAR,0,,,gagal,Dialog sukses tidak muncul
272,6086370,PEJABAT PEMBUAT AKTA TANAH NIUR FITRIAWATI SHMKN,JL.DAENG MANAMBON,0,,,gagal,Dialog sukses tidak muncul
273,6086373,PEMBUAT BATAKO PARWOTO,JL. RAYA ADINATA RT 02 RW 02,0,,,berhasil,Submit sukses
274,6086374,"MEUBEL ""SEBUKIT INDAH""/IBRAHIM",JL.GUSTI SULUNG LELENANG,0,,,berhasil,Submit sukses
275,6194304,WISATA MANGROVE MEMPAWAH,JL. A. YANI,0,,,berhasil,Submit sukses
276,6194309,PENGGALIAN PASIR SUNGAI KUNIYT,JL. RAYA SUNGAI KUNYIT,0,,,berhasil,Submit sukses
277,6194310,PENGGALIAN PASIR BUKIT BATU,JL. RAYA SUNGAI KUNYIT,0,,,berhasil,Submit sukses
278,6196069,TOKO PASAR PAGI,JL. RAYA SUNGAI PINYUH,0,,,berhasil,Submit sukses
279,6379478,"MUDA KARYA MANDIRI, CV",-,3,,,gagal,No results found
280,6379502,"BAKAU BESAR JAYA, CV",-,3,,,gagal,No results found
281,6379511,"TRI YALA PERKASA, CV",-,0,,,gagal,No results found
282,6379513,"MAJU BERSAMA, CV",-,3,,,gagal,No results found
283,6379743,"TRI YALA KARYA, CV",JL RAYA TOHO NO 9,0,,,berhasil,Submit sukses
284,6379744,"BUNTAT SADANIANG, CV",-,0,,,gagal,No results found
285,6379801,"ESA MANDIRI, CV",-,0,0.330982,108.9,gagal,No results found
286,6379847,"KEMILAU INTAN BERLIAN, PT",-,3,,,gagal,No results found
287,6379848,"CITRA DIAMANTA KHATULISTIWA, PT",JL MONGINSIDI NO 12-C,3,,,berhasil,Submit sukses
288,6476654,CV Aisyah Nusantara,"Jl. Saleh Aliudin RT. 021 RW. 005, Desa/Kelurahan. Terusan, Kec. Mempawah Hilir",0,,,berhasil,Submit sukses
289,6487612,HAURA RAYA. CV,Jl. Budi Karya No 8 A,0,,,berhasil,Submit sukses
290,6489131,CV. TANJUNG PUTRA,Jl. Husein Hamzah Komp. Fajar Kencana No. 32-B RT.007 RW. 002 Kel. Pallima Kec. Pontianak Barat 78114,0,,,berhasil,Submit sukses
291,6490237,parahiangan indah utama,Jalan Daeng Menambon No. 2B Mempawah,0,,,berhasil,Submit sukses
292,6491924,BUANA TRAVELINDO,JL RAYA SUNGAI PINYUH,0,,,berhasil,Submit sukses
293,6492485,MA RIYADHUL ULUM,SUNGAI PINYU GG USAHA,0,,,berhasil,Submit sukses
294,6580227,BATAKO TONO,JL DAENG MENAMBON RT 05 RW 02,3,,,berhasil,Submit sukses
295,6580231,TEMPE MULYONO,JL DAENG MENAMBON RT 03 RW 02,3,,,berhasil,Submit sukses
296,6580236,MINYAK KELAPA MUSA,JL M THAHA RT 29 RW 01,3,,,berhasil,Submit sukses
297,6615478,Meubel Sebukit Indah,Jl. Gusti Sulung Lelanang,0,,,berhasil,Submit sukses
298,6617398,PERGUDANGAN MAKANAN / MINUMAN,JL SELIUNG RT: 04 RW: 01KODEPOS: 78353,0,,,berhasil,Submit sukses
299,6642085,"BAL, PT",JL PAK BOLO PERIKANAN,3,0.344274,109.203721,berhasil,Submit sukses
300,6642111,"CITRA PALAPA MINERAL, CV",DUSUN KEMBANG LADA RT.007/RW.003,3,,,berhasil,Submit sukses
301,6642967,"ADI DAYA MINERAL INDON ESIA, CV",DUSUN KEMBANG LADA RT.007/ RW.003,3,,,berhasil,Submit sukses
302,6643343,"JOSAN KARYA MANDIRI, PT",DUSUN KEMBANG LADA RT.008/RW.003,3,,,berhasil,Submit sukses
303,6643365,"MITRA ANUGERAH PENIRAMAN, CV",DESA PENIRAMAN KECAMATAN SUNGAI PINYUH,3,,,berhasil,Submit sukses
304,6643877,"SINAR DAYA ALAM, PT",PRT. TELADAN,3,,,berhasil,Submit sukses
305,6652764,TOKO MITRA NUSAPATI,Jl. Raya Nusapati RT 01 RW 01,0,,,berhasil,Submit sukses
306,6727717,MITRA MAKMUR TEMAJO,Dusun Sabar,0,,,berhasil,Submit sukses
307,6859207,PP. BUMDESMA ANUGERAH SADANIANG,DSN. MURUB RT 06 RW 02,3,0.511691,109.1569,gagal,Anomali dialog geotag
308,7479749,SUMBER KARUNIA,Jl. Swadaya,0,,,berhasil,Submit sukses
309,7480651,LAGENDA NPK INDONESIA,JL. RAYA KM. 13.2 RT.002/ RW.003,0,,,berhasil,Submit sukses
310,7480838,BUMI SARANA UTAMA,"Jln. Raya Wajok Hilir Km 13.2 Pergudangan Simba, Kecamatan Jongkat, Kabupaten Mempawah - Kalbar",0,,,berhasil,Submit sukses
311,7482235,ANUGERAH DOLOMIT INDONESIA,Jalan Raya Sungai Dungun,0,,,berhasil,Submit sukses
312,7483112,NEW FUTURE FOOD INDONESIA,Jalan Raya Jurusan Pontianak,0,,,berhasil,Submit sukses
313,7484428,MAKSIMA PERKASA ENERGI,Sungai Dungun,0,,,gagal,Dialog sukses tidak muncul
314,7484869,SAGATANI MINERAL PERKASA,"Jl. Raya Wajok Hilir KM.13,2",0,,,gagal,Dialog sukses tidak muncul
315,7484896,GENESYS INDUSTRI KHATULISTIWA,"Raya Wajok Hilir K.M 14,5",3,,,gagal,Dialog sukses tidak muncul
316,7485734,ARONY DUTA INDOTAMA,"Dusun Sungai Dayak, Desa Peniraman, Kec. Sungai Pinyuh, Kab. Mempawah",0,,,gagal,Dialog sukses tidak muncul
317,7489463,BAYU KARSA UTAMA,Jl. Baguruh Anjongan,0,,,gagal,Dialog sukses tidak muncul
318,12258187,Kantin Makanan dan Minuman <LENI FITRI YANTI>,Desa Toho ilir Rt008/Rw002,3,0.442043,109.1801,skipped,Sudah GC
319,12258727,KONTRAKAN < ZAB ROIL > <ZAB ROIL>,Desa Toho Ilir Rt007/Rw002,0,0.440918,109.1839,skipped,Sudah GC
320,12259403,tidak ada <salima>,jl. konsasi rt 28 rw 08,0,0.343783,109.0063,skipped,Sudah GC
321,12271340,Menjual Es lilin <Utin Nuraslamiah> <Utin Nuraslamiah>,Jl Sepakat,0,0.37522,108.9673,skipped,Sudah GC
322,12273109,Warung kopi <Erni>,Jl. M. Thaha,3,0.36272,108.9569,skipped,Sudah GC
323,12296209,THRIFT <DILLI LUKMAN HAKIM> <DILLI LUKMAN HAKIM>,JL. A DJELANI GG A KARIM,3,0.356186,108.9533,gagal,Server Sibuk / No Response
324,12302363,Rental Mobil<URAY RUDY> <URAY RUDY>,Jl Habib Husin,3,0.375201,108.9674,gagal,Anomali dialog geotag
325,12305767,Menjual layang-layang<Khairul> <KHAIRUL >,Jl RADEN ADINATA,0,0.378128,108.971,gagal,Server Sibuk / No Response
326,12320484,DAPUR BUNDA <SITI HANN MIZAWAH>,Jl.Melancar Rt.011 Rw.004,3,0.359768,109.1676,gagal,Server Sibuk / No Response
327,12357444,KIOS PULSA <YOPITA> <YOPITA>,JALAN RAYA PAK BULU RT 009 RW 003 DUSUN PINYUH KERSIK,3,0.337385,109.2153,gagal,Server Sibuk / No Response
328,12407586,Toko sembako <fajarwati> <Fajarwati>,Jl raya sengkubang rt 04 rw 02,3,0.431462,108.946,gagal,Anomali dialog geotag
329,12433808,JUAL GAS <WIDIANA >,Gg SATALI RT 008 RW 02 DUSUN PAK BULU,3,0.330604,109.2233,gagal,Server Sibuk / No Response
330,12476075,Warung makan melayu <H syeh m noh>,Jl arifin tarif,3,0.359898,108.9602,gagal,Server Sibuk / No Response
331,12491333,Pangkas Rambut <Rusdi> <Rusdi>,Jl. Adi Wijaya,3,0.364463,108.9663,skipped,Sudah GC
332,12511461,KOPERASI GURU SDN 23 MEMPAWAH HILIR <FUTRI WULANDARI>,SDN 23 MEMPAWAH HILIR,3,0.351668,108.9614,gagal,Server Sibuk / No Response
333,12526378,Es < kak dian > <Dian novianti pratiwi>,Jln sejati,3,0.327281,108.9654,gagal,Anomali dialog geotag
334,12557753,Pangkas Rambut Zainul <MUZEINI>,Jalan Parit Banjar Laut,3,0.305536,109.019,gagal,Server Sibuk / No Response
335,12564656,Pedagang aksesoris <hisbul> <Satria hisbulloh nasution>,Jalan sumber agung,3,0.36815,109.2649,error,Run stopped by user.
