no,idsbr,nama_usaha,alamat,keberadaanusaha_gc,latitude,longitude,status,catatan
259,6053950,Salon Rahman,Jl. Raya Nusapati,0,,,berhasil,Submit sukses
260,6054078,Cinta Mangrove Park,Jl. Sungai Bakau Besar Laut,0,,,berhasil,Submit sukses
262,6054508,"Konsultan ""Eliana""","Jl. Gusti Sulung Lelanang, Mempawah",0,,,error,"Locator.click: Timeout 10000ms exceeded.
Call log:
  - waiting for locator(""#toggle-filter"").first
    - locator resolved to <div id=""toggle-filter"" class=""search-filter-header"">…</div>
  - attempting click action
    2 × waiting for element to be visible, enabled and stable
      - element is visible, enabled and stable
      - scrolling into view if needed
      - done scrolling
      - <div class=""blockUI blockOverlay""></div> intercepts pointer events
    - retrying click action
    - waiting 20ms
    2 × waiting for element to be visible, enabled and stable
      - element is visible, enabled and stable
      - scrolling into view if needed
      - done scrolling
      - <div class=""blockUI blockOverlay""></div> intercepts pointer events
    - retrying click action
      - waiting 100ms
    19 × waiting for element to be visible, enabled and stable
       - element is visible, enabled and stable
       - scrolling into view if needed
       - done scrolling
       - <div class=""blockUI blockOverlay""></div> intercepts pointer events
     - retrying click action
       - waiting 500ms
"
279,6379478,"MUDA KARYA MANDIRI, CV",-,3,,,gagal,No results found
280,6379502,"BAKAU BESAR JAYA, CV",-,3,,,gagal,No results found
281,6379511,"TRI YALA PERKASA, CV",-,0,,,gagal,No results found
282,6379513,"MAJU BERSAMA, CV",-,3,,,gagal,No results found
284,6379744,"BUNTAT SADANIANG, CV",-,0,,,gagal,No results found
285,6379801,"ESA MANDIRI, CV",-,0,0.330982,108.9,gagal,No results found
286,6379847,"KEMILAU INTAN BERLIAN, PT",-,3,,,gagal,No results found
307,6859207,PP. BUMDESMA ANUGERAH SADANIANG,DSN. MURUB RT 06 RW 02,3,0.511691,109.1569,gagal,Anomali dialog geotag
324,12302363,Rental Mobil<URAY RUDY> <URAY RUDY>,Jl Habib Husin,3,0.375201,108.9674,error,"Page.goto: Timeout 10000ms exceeded.
Call log:
  - navigating to ""https://matchapro.web.bps.go.id/dirgc"", waiting until ""domcontentloaded""
"
328,12407586,Toko sembako <fajarwati> <Fajarwati>,Jl raya sengkubang rt 04 rw 02,3,0.431462,108.946,gagal,Anomali dialog geotag
333,12526378,Es < kak dian > <Dian novianti pratiwi>,Jln sejati,3,0.327281,108.9654,gagal,Anomali dialog geotag
337,12567788,"Borneo Mega Rezeki , Koperasi <Samsir>",Jl.A.Djelani,3,0.359828,108.9523,gagal,Anomali dialog geotag
338,12568026,Toko sembako <Budiati>,Adjelani,3,0.357839,108.9483,gagal,Anomali dialog geotag
